{
  "name": "AriaFeedback",
  "description": "User feedback on ARIA responses for improving the AI",
  "fields": [
    {
      "name": "id",
      "type": "uuid",
      "primaryKey": true,
      "autoGenerate": true
    },
    {
      "name": "user_id",
      "type": "string",
      "required": true,
      "indexed": true
    },
    {
      "name": "user_email",
      "type": "string",
      "required": true,
      "indexed": true
    },
    {
      "name": "session_id",
      "type": "string",
      "required": true,
      "indexed": true
    },
    {
      "name": "message_id",
      "type": "string",
      "indexed": true,
      "description": "Specific message being rated (optional)"
    },
    {
      "name": "rating",
      "type": "number",
      "description": "1-5 star rating"
    },
    {
      "name": "helpful",
      "type": "boolean",
      "indexed": true,
      "description": "Simple thumbs up/down"
    },
    {
      "name": "feedback_text",
      "type": "text",
      "searchable": true,
      "description": "Free-form feedback"
    },
    {
      "name": "feedback_type",
      "type": "string",
      "enum": ["positive", "negative", "suggestion", "bug"],
      "indexed": true
    },
    {
      "name": "metadata",
      "type": "object",
      "default": {},
      "description": "Additional context"
    },
    {
      "name": "timestamp",
      "type": "timestamp",
      "required": true,
      "indexed": true
    },
    {
      "name": "created_at",
      "type": "timestamp",
      "autoGenerate": true
    }
  ],
  "indexes": [
    {
      "name": "session_feedback",
      "fields": ["session_id", "timestamp"]
    },
    {
      "name": "user_feedback",
      "fields": ["user_email", "timestamp"]
    },
    {
      "name": "rating_feedback",
      "fields": ["rating", "timestamp"]
    }
  ],
  "permissions": {
    "read": ["admin", "system"],
    "create": ["authenticated"],
    "update": ["owner"],
    "delete": ["owner", "admin"]
  }
}
