{
  "name": "AuditLog",
  "description": "Audit trail for all ARIA actions and document operations",
  "fields": [
    {
      "name": "id",
      "type": "uuid",
      "primaryKey": true,
      "autoGenerate": true
    },
    {
      "name": "action_type",
      "type": "string",
      "required": true,
      "indexed": true,
      "description": "Type of action (delete, move, sign, etc.)"
    },
    {
      "name": "entity_type",
      "type": "string",
      "required": true,
      "indexed": true,
      "description": "Type of entity affected (document, folder, etc.)"
    },
    {
      "name": "entity_id",
      "type": "string",
      "required": true,
      "indexed": true,
      "description": "ID of the affected entity"
    },
    {
      "name": "workspace_id",
      "type": "string",
      "required": true,
      "indexed": true
    },
    {
      "name": "user_email",
      "type": "string",
      "required": true,
      "indexed": true
    },
    {
      "name": "session_id",
      "type": "string",
      "indexed": true,
      "description": "ARIA session ID if applicable"
    },
    {
      "name": "action_details",
      "type": "object",
      "default": {},
      "description": "Detailed information about the action"
    },
    {
      "name": "before_state",
      "type": "object",
      "description": "State before the action"
    },
    {
      "name": "after_state",
      "type": "object",
      "description": "State after the action"
    },
    {
      "name": "ip_address",
      "type": "string"
    },
    {
      "name": "user_agent",
      "type": "string"
    },
    {
      "name": "success",
      "type": "boolean",
      "required": true,
      "indexed": true
    },
    {
      "name": "error_message",
      "type": "text"
    },
    {
      "name": "created_at",
      "type": "timestamp",
      "autoGenerate": true,
      "indexed": true
    }
  ],
  "indexes": [
    {
      "name": "workspace_audit",
      "fields": ["workspace_id", "created_at"]
    },
    {
      "name": "user_audit",
      "fields": ["user_email", "created_at"]
    },
    {
      "name": "entity_audit",
      "fields": ["entity_type", "entity_id", "created_at"]
    },
    {
      "name": "action_audit",
      "fields": ["action_type", "created_at"]
    }
  ],
  "permissions": {
    "read": ["admin"],
    "create": ["system"],
    "update": ["none"],
    "delete": ["admin"]
  }
}
