{
  "name": "Document",
  "description": "Documents stored in Signal87 platform",
  "fields": [
    {
      "name": "id",
      "type": "uuid",
      "primaryKey": true,
      "autoGenerate": true
    },
    {
      "name": "title",
      "type": "string",
      "required": true,
      "searchable": true
    },
    {
      "name": "file_url",
      "type": "string",
      "required": true
    },
    {
      "name": "file_type",
      "type": "string",
      "required": true
    },
    {
      "name": "file_size",
      "type": "number"
    },
    {
      "name": "file_hash",
      "type": "string",
      "description": "SHA-256 hash for deduplication"
    },
    {
      "name": "workspace_id",
      "type": "string",
      "required": true,
      "indexed": true
    },
    {
      "name": "folder_id",
      "type": "string",
      "indexed": true
    },
    {
      "name": "created_by",
      "type": "string",
      "required": true,
      "indexed": true
    },
    {
      "name": "extracted_content",
      "type": "text",
      "searchable": true,
      "description": "Full text content extracted from document"
    },
    {
      "name": "ai_summary",
      "type": "text",
      "description": "AI-generated summary"
    },
    {
      "name": "category",
      "type": "string",
      "indexed": true
    },
    {
      "name": "tags",
      "type": "array",
      "items": { "type": "string" },
      "default": []
    },
    {
      "name": "processing_status",
      "type": "string",
      "enum": ["pending", "processing", "completed", "failed"],
      "default": "pending",
      "indexed": true
    },
    {
      "name": "processing_error",
      "type": "text"
    },
    {
      "name": "metadata",
      "type": "object",
      "default": {},
      "description": "Additional metadata (page count, author, etc.)"
    },
    {
      "name": "is_deleted",
      "type": "boolean",
      "default": false,
      "indexed": true
    },
    {
      "name": "deleted_at",
      "type": "timestamp"
    },
    {
      "name": "created_at",
      "type": "timestamp",
      "autoGenerate": true
    },
    {
      "name": "updated_at",
      "type": "timestamp",
      "autoGenerate": true,
      "autoUpdate": true
    }
  ],
  "indexes": [
    {
      "name": "workspace_documents",
      "fields": ["workspace_id", "created_at"]
    },
    {
      "name": "folder_documents",
      "fields": ["folder_id", "created_at"]
    },
    {
      "name": "user_documents",
      "fields": ["created_by", "created_at"]
    },
    {
      "name": "document_status",
      "fields": ["processing_status", "created_at"]
    }
  ],
  "permissions": {
    "read": ["authenticated"],
    "create": ["authenticated"],
    "update": ["owner", "admin"],
    "delete": ["owner", "admin"]
  }
}
