{
  "name": "Folder",
  "description": "Folders for organizing documents",
  "fields": [
    {
      "name": "id",
      "type": "uuid",
      "primaryKey": true,
      "autoGenerate": true
    },
    {
      "name": "name",
      "type": "string",
      "required": true,
      "searchable": true
    },
    {
      "name": "description",
      "type": "text",
      "searchable": true
    },
    {
      "name": "workspace_id",
      "type": "string",
      "required": true,
      "indexed": true
    },
    {
      "name": "parent_folder_id",
      "type": "string",
      "indexed": true,
      "description": "For nested folder structure"
    },
    {
      "name": "created_by",
      "type": "string",
      "required": true,
      "indexed": true
    },
    {
      "name": "color",
      "type": "string",
      "default": "gray",
      "description": "UI color for folder"
    },
    {
      "name": "icon",
      "type": "string",
      "description": "Icon name for folder"
    },
    {
      "name": "auto_organize_rules",
      "type": "object",
      "default": {},
      "description": "Rules for auto-organizing documents into this folder"
    },
    {
      "name": "document_count",
      "type": "number",
      "default": 0
    },
    {
      "name": "is_deleted",
      "type": "boolean",
      "default": false,
      "indexed": true
    },
    {
      "name": "deleted_at",
      "type": "timestamp"
    },
    {
      "name": "created_at",
      "type": "timestamp",
      "autoGenerate": true
    },
    {
      "name": "updated_at",
      "type": "timestamp",
      "autoGenerate": true,
      "autoUpdate": true
    }
  ],
  "indexes": [
    {
      "name": "workspace_folders",
      "fields": ["workspace_id", "created_at"]
    },
    {
      "name": "parent_folders",
      "fields": ["parent_folder_id", "name"]
    }
  ],
  "permissions": {
    "read": ["authenticated"],
    "create": ["authenticated"],
    "update": ["owner", "admin"],
    "delete": ["owner", "admin"]
  }
}
