{
  "name": "ResearchReport",
  "description": "Research reports and briefings generated by ARIA",
  "fields": [
    {
      "name": "id",
      "type": "uuid",
      "primaryKey": true,
      "autoGenerate": true
    },
    {
      "name": "title",
      "type": "string",
      "required": true,
      "searchable": true
    },
    {
      "name": "type",
      "type": "string",
      "enum": ["research", "briefing"],
      "required": true,
      "indexed": true
    },
    {
      "name": "query",
      "type": "text",
      "searchable": true,
      "description": "Original query or topic"
    },
    {
      "name": "content",
      "type": "text",
      "searchable": true,
      "description": "Full content of the report"
    },
    {
      "name": "findings",
      "type": "array",
      "items": { "type": "string" },
      "default": [],
      "description": "Key findings"
    },
    {
      "name": "citations",
      "type": "array",
      "items": { "type": "object" },
      "default": [],
      "description": "Document citations with excerpts"
    },
    {
      "name": "document_ids",
      "type": "array",
      "items": { "type": "string" },
      "default": [],
      "description": "Documents analyzed"
    },
    {
      "name": "workspace_id",
      "type": "string",
      "required": true,
      "indexed": true
    },
    {
      "name": "created_by",
      "type": "string",
      "required": true,
      "indexed": true
    },
    {
      "name": "research_depth",
      "type": "string",
      "enum": ["quick", "standard", "comprehensive", "exhaustive"]
    },
    {
      "name": "briefing_type",
      "type": "string",
      "enum": ["analytical", "executive", "tactical", "strategic"]
    },
    {
      "name": "execution_time",
      "type": "number",
      "description": "Time taken to generate (milliseconds)"
    },
    {
      "name": "metadata",
      "type": "object",
      "default": {},
      "description": "Additional metadata"
    },
    {
      "name": "is_deleted",
      "type": "boolean",
      "default": false,
      "indexed": true
    },
    {
      "name": "deleted_at",
      "type": "timestamp"
    },
    {
      "name": "created_at",
      "type": "timestamp",
      "autoGenerate": true
    },
    {
      "name": "updated_at",
      "type": "timestamp",
      "autoGenerate": true,
      "autoUpdate": true
    }
  ],
  "indexes": [
    {
      "name": "workspace_reports",
      "fields": ["workspace_id", "type", "created_at"]
    },
    {
      "name": "user_reports",
      "fields": ["created_by", "created_at"]
    }
  ],
  "permissions": {
    "read": ["authenticated"],
    "create": ["system"],
    "update": ["owner", "admin"],
    "delete": ["owner", "admin"]
  }
}
