{
  "name": "TrainingData",
  "description": "Training data collected from ARIA interactions for LLM fine-tuning",
  "fields": [
    {
      "name": "id",
      "type": "uuid",
      "primaryKey": true,
      "autoGenerate": true
    },
    {
      "name": "session_id",
      "type": "string",
      "required": true,
      "indexed": true
    },
    {
      "name": "user_email",
      "type": "string",
      "required": true,
      "indexed": true
    },
    {
      "name": "input",
      "type": "text",
      "required": true,
      "description": "User input/query"
    },
    {
      "name": "context",
      "type": "object",
      "default": {},
      "description": "Context provided with the request"
    },
    {
      "name": "intent",
      "type": "object",
      "description": "Analyzed intent"
    },
    {
      "name": "actions_planned",
      "type": "array",
      "items": { "type": "object" },
      "default": [],
      "description": "Actions that were planned"
    },
    {
      "name": "actions_executed",
      "type": "array",
      "items": { "type": "object" },
      "default": [],
      "description": "Actions that were actually executed"
    },
    {
      "name": "response",
      "type": "text",
      "required": true,
      "description": "ARIA's response to user"
    },
    {
      "name": "success",
      "type": "boolean",
      "required": true,
      "indexed": true
    },
    {
      "name": "execution_time",
      "type": "number",
      "description": "Total execution time in milliseconds"
    },
    {
      "name": "model_used",
      "type": "string",
      "indexed": true,
      "description": "LLM model that was used"
    },
    {
      "name": "user_feedback",
      "type": "object",
      "description": "User feedback (rating, helpful, comments)"
    },
    {
      "name": "error",
      "type": "text",
      "description": "Error message if request failed"
    },
    {
      "name": "metadata",
      "type": "object",
      "default": {},
      "description": "Additional metadata"
    },
    {
      "name": "training_set",
      "type": "string",
      "enum": ["train", "validation", "test", "excluded"],
      "default": "train",
      "indexed": true,
      "description": "Which training set this belongs to"
    },
    {
      "name": "created_at",
      "type": "timestamp",
      "autoGenerate": true,
      "indexed": true
    }
  ],
  "indexes": [
    {
      "name": "session_training",
      "fields": ["session_id", "created_at"]
    },
    {
      "name": "user_training",
      "fields": ["user_email", "created_at"]
    },
    {
      "name": "model_training",
      "fields": ["model_used", "success", "created_at"]
    },
    {
      "name": "training_sets",
      "fields": ["training_set", "created_at"]
    }
  ],
  "permissions": {
    "read": ["admin", "system"],
    "create": ["system"],
    "update": ["system"],
    "delete": ["admin"]
  }
}
