{
  "name": "Workspace",
  "description": "Workspaces for organizing documents and teams",
  "fields": [
    {
      "name": "id",
      "type": "uuid",
      "primaryKey": true,
      "autoGenerate": true
    },
    {
      "name": "name",
      "type": "string",
      "required": true,
      "searchable": true
    },
    {
      "name": "description",
      "type": "text",
      "searchable": true
    },
    {
      "name": "slug",
      "type": "string",
      "required": true,
      "unique": true,
      "indexed": true
    },
    {
      "name": "owner_email",
      "type": "string",
      "required": true,
      "indexed": true
    },
    {
      "name": "plan",
      "type": "string",
      "enum": ["free", "pro", "enterprise"],
      "default": "free"
    },
    {
      "name": "settings",
      "type": "object",
      "default": {},
      "description": "Workspace-level settings (storage limits, AI features, etc.)"
    },
    {
      "name": "aria_enabled",
      "type": "boolean",
      "default": true
    },
    {
      "name": "aria_config",
      "type": "object",
      "default": {},
      "description": "ARIA configuration for this workspace"
    },
    {
      "name": "storage_used",
      "type": "number",
      "default": 0,
      "description": "Storage used in bytes"
    },
    {
      "name": "storage_limit",
      "type": "number",
      "description": "Storage limit in bytes"
    },
    {
      "name": "document_count",
      "type": "number",
      "default": 0
    },
    {
      "name": "member_count",
      "type": "number",
      "default": 1
    },
    {
      "name": "is_deleted",
      "type": "boolean",
      "default": false,
      "indexed": true
    },
    {
      "name": "deleted_at",
      "type": "timestamp"
    },
    {
      "name": "created_at",
      "type": "timestamp",
      "autoGenerate": true
    },
    {
      "name": "updated_at",
      "type": "timestamp",
      "autoGenerate": true,
      "autoUpdate": true
    }
  ],
  "indexes": [
    {
      "name": "owner_workspaces",
      "fields": ["owner_email", "created_at"]
    }
  ],
  "permissions": {
    "read": ["member"],
    "create": ["authenticated"],
    "update": ["owner", "admin"],
    "delete": ["owner"]
  }
}
