{
  "name": "WorkspaceMember",
  "description": "Members of workspaces with roles and permissions",
  "fields": [
    {
      "name": "id",
      "type": "uuid",
      "primaryKey": true,
      "autoGenerate": true
    },
    {
      "name": "workspace_id",
      "type": "string",
      "required": true,
      "indexed": true
    },
    {
      "name": "user_email",
      "type": "string",
      "required": true,
      "indexed": true
    },
    {
      "name": "role",
      "type": "string",
      "enum": ["owner", "admin", "member", "viewer"],
      "default": "member",
      "indexed": true
    },
    {
      "name": "permissions",
      "type": "array",
      "items": { "type": "string" },
      "default": [],
      "description": "Specific permissions for this member"
    },
    {
      "name": "invited_by",
      "type": "string",
      "indexed": true
    },
    {
      "name": "invitation_status",
      "type": "string",
      "enum": ["pending", "accepted", "declined"],
      "default": "accepted"
    },
    {
      "name": "last_active_at",
      "type": "timestamp"
    },
    {
      "name": "joined_at",
      "type": "timestamp",
      "autoGenerate": true
    },
    {
      "name": "created_at",
      "type": "timestamp",
      "autoGenerate": true
    }
  ],
  "indexes": [
    {
      "name": "workspace_members",
      "fields": ["workspace_id", "role"]
    },
    {
      "name": "user_workspaces",
      "fields": ["user_email", "workspace_id"]
    }
  ],
  "unique": [
    ["workspace_id", "user_email"]
  ],
  "permissions": {
    "read": ["member"],
    "create": ["admin", "owner"],
    "update": ["admin", "owner"],
    "delete": ["admin", "owner"]
  }
}
